cpus,pilot-startup,total circuits,qubits,execution time
128,5,1024,25,890.1717383
256,5,1024,25,542.3048332
512,5,1024,25,413.5043457
1024,5,1024,25,280.2086813
2048,5,1024,25,255.4650926
