qubits,GPUs,Pilot-startup(p95),Total time to completion
36,32,5,67.03901567
36,64,5,41.87906662
36,128,5,25.16715938
36,256,5,14.89548963
