qubits,GPUs,Pilot-startup(p95),Total time to completion
30,32,4.6,145.09246
30,64,5,96.27447878
30,128,5,66.28230513
30,256,5,48.09477112

